{
    "visits": {
        "count": 4.332,
        "logins": 830,
        "sign_out_pct": 0.5,
        "rate_pct": 4.5
    },
    "performance": {
        "sdk": {
            "this_period_pct": 60,
            "last_period_pct": 30
        },
        "integration": {
            "this_period_pct": 40,
            "last_period_pct": 55
        }
    },
    "server": {
        "1": {
            "pct": 60,
            "temp": 37,
            "frequency": 3.3
        },
        "2": {
            "pct": 54,
            "temp": 31,
            "frequency": 3.3
        }
    },
    "revenue": [
        {
            "label": "SMX",
            "data": 18
        },
        {
            "label": "Direct",
            "data": 60
        },
        {
            "label": "Networks",
            "data": 60
        }
    ],
    "mainChart": [
        [
            [
                0,
                5661
            ],
            [
                1,
                5026
            ],
            [
                2,
                5727
            ],
            [
                3,
                6385
            ],
            [
                4,
                5493
            ],
            [
                5,
                4715
            ],
            [
                6,
                5648
            ],
            [
                7,
                6279
            ],
            [
                8,
                4537
            ],
            [
                9,
                3718
            ],
            [
                10,
                4209
            ],
            [
                11,
                3803
            ],
            [
                12,
                3970
            ],
            [
                13,
                4843
            ],
            [
                14,
                3868
            ],
            [
                15,
                3805
            ],
            [
                16,
                4777
            ],
            [
                17,
                4188
            ],
            [
                18,
                3636
            ],
            [
                19,
                4276
            ],
            [
                20,
                4461
            ],
            [
                21,
                5251
            ],
            [
                22,
                5831
            ],
            [
                23,
                5567
            ],
            [
                24,
                3945
            ],
            [
                25,
                4333
            ],
            [
                26,
                4429
            ],
            [
                27,
                4695
            ],
            [
                28,
                5325
            ],
            [
                29,
                3968
            ],
            [
                30,
                3841
            ]
        ],
        [
            [
                0,
                3452
            ],
            [
                1,
                4914
            ],
            [
                2,
                3395
            ],
            [
                3,
                4613
            ],
            [
                4,
                4625
            ],
            [
                5,
                3752
            ],
            [
                6,
                3147
            ],
            [
                7,
                2582
            ],
            [
                8,
                2322
            ],
            [
                9,
                1865
            ],
            [
                10,
                2804
            ],
            [
                11,
                2953
            ],
            [
                12,
                2788
            ],
            [
                13,
                3517
            ],
            [
                14,
                4309
            ],
            [
                15,
                4828
            ],
            [
                16,
                5853
            ],
            [
                17,
                4248
            ],
            [
                18,
                5055
            ],
            [
                19,
                1896
            ],
            [
                20,
                2735
            ],
            [
                21,
                1718
            ],
            [
                22,
                2811
            ],
            [
                23,
                3999
            ],
            [
                24,
                2734
            ],
            [
                25,
                1651
            ],
            [
                26,
                1617
            ],
            [
                27,
                2830
            ],
            [
                28,
                4096
            ],
            [
                29,
                3742
            ],
            [
                30,
                3391
            ]
        ],
        [
            [
                0,
                1802
            ],
            [
                1,
                1880
            ],
            [
                2,
                2932
            ],
            [
                3,
                3937
            ],
            [
                4,
                3140
            ],
            [
                5,
                3110
            ],
            [
                6,
                3697
            ],
            [
                7,
                2632
            ],
            [
                8,
                1906
            ],
            [
                9,
                2486
            ],
            [
                10,
                2277
            ],
            [
                11,
                2889
            ],
            [
                12,
                3567
            ],
            [
                13,
                5028
            ],
            [
                14,
                5478
            ],
            [
                15,
                3010
            ],
            [
                16,
                4030
            ],
            [
                17,
                1774
            ],
            [
                18,
                1660
            ],
            [
                19,
                3103
            ],
            [
                20,
                3683
            ],
            [
                21,
                2897
            ],
            [
                22,
                2203
            ],
            [
                23,
                3243
            ],
            [
                24,
                3742
            ],
            [
                25,
                2906
            ],
            [
                26,
                1961
            ],
            [
                27,
                2834
            ],
            [
                28,
                3422
            ],
            [
                29,
                4208
            ],
            [
                30,
                3739
            ]
        ]
    ]
}
